image,gt_cx,gt_cy,gt_angle,pred_cx,pred_cy,pred_angle,distance,angular_error,match_type
043033e6-color.png,348.4,81.8,129.4,347.3078308105469,82.08074951171875,118.4611311998408,1.1276762951844668,10.938868800159199,TP
043033e6-color.png,345.4,183.2,356.2,346.3895874023437,181.10955810546875,352.4240187218264,2.312840362257788,3.7759812781735604,TP
043033e6-color.png,460.8,187.3,84.2,460.18304443359375,186.32394409179688,82.22025294215777,1.1546944647212614,1.979747057842232,TP
043033e6-color.png,463.8,85.1,35.2,464.2909240722656,84.30159759521484,27.66907145978069,0.9372581526434245,7.530928540219314,TP
04f3656c-color.png,361.5,80.0,323.8,361.9429016113281,81.76631927490234,322.6124575172117,1.821001268041456,1.1875424827883307,TP
04f3656c-color.png,361.5,140.2,64.8,361.3270263671875,138.1833953857422,54.812915776171785,2.024009399161528,9.987084223828212,TP
04f3656c-color.png,362.1,193.7,216.2,363.643798828125,191.3103485107422,214.58274815978876,2.8449515043023283,1.6172518402112246,TP
04f3656c-color.png,429.5,193.1,190.0,429.2340393066406,191.5911407470703,191.4346136611751,1.5321198828954987,1.4346136611750921,TP
04f3656c-color.png,429.5,135.9,249.4,429.1624145507813,137.71275329589844,250.10840200439264,1.8439193169211103,0.7084020043926387,TP
04f3656c-color.png,429.5,77.6,110.8,428.3144836425781,78.01728057861328,118.06360837006292,1.256810293959542,7.263608370062926,TP
07865578-color.png,359.1,80.0,317.4,360.9619445800781,81.70199584960938,314.40333863765034,2.522623137008332,2.9966613623496414,TP
07865578-color.png,360.3,137.7,75.2,361.2175598144531,139.64804077148438,83.19267658719033,2.1533181048012193,7.992676587190331,TP
07865578-color.png,361.5,193.7,209.7,362.8924255371094,193.1682891845703,200.9660528515012,1.4904916194461553,8.7339471484988,TP
07865578-color.png,428.9,194.9,180.0,429.4509582519531,191.4864654541016,180.8751466085696,3.457712118068415,0.8751466085695938,TP
07865578-color.png,427.1,135.9,348.1,429.5192260742188,136.1706085205078,350.0272420456343,2.4343138190363733,1.927242045634273,TP
07865578-color.png,428.9,78.2,225.4,428.502685546875,78.5947494506836,222.3549047398492,0.5600766942812355,3.0450952601508163,TP
087dcfd7-color.png,351.3,190.1,14.4,351.82110595703125,189.33970642089844,15.935712098918788,0.9217362664431179,1.535712098918788,TP
087dcfd7-color.png,420.2,187.4,290.4,419.19964599609375,187.94891357421875,288.26527432077927,1.141058388117295,2.1347256792207077,TP
087dcfd7-color.png,417.3,131.0,340.9,418.6270751953125,131.20367431640625,338.39145702642884,1.342613794498341,2.5085429735711386,TP
087dcfd7-color.png,414.7,74.8,16.6,414.4136657714844,76.16214752197266,25.097399079561853,1.3919170815949804,8.497399079561852,TP
087dcfd7-color.png,348.9,133.6,297.3,347.2869873046875,132.0330352783203,294.87844941938965,2.248819333389836,2.421550580610358,TP
087dcfd7-color.png,348.1,76.0,197.0,348.607666015625,76.89606475830078,182.9073609435088,1.029881951725137,14.092639056491208,TP
0bba039a-color.png,348.6,81.9,129.8,346.2274169921875,82.13970947265625,118.5197565596127,2.384661560943576,11.28024344038731,TP
0bba039a-color.png,404.4,117.5,40.8,403.3925476074219,117.63751983642578,39.983605526613744,1.0167949787060893,0.8163944733862536,TP
0bba039a-color.png,345.6,183.4,357.6,347.0791015625,181.77044677734372,356.3872961733172,2.200723775865421,1.212703826682798,TP
0bba039a-color.png,461.4,186.3,84.0,460.5785217285156,186.2108917236328,76.3299140401546,0.8262970624648572,7.6700859598453945,TP
0d94c8b4-color.png,429.1,78.0,149.3,428.7111511230469,78.28683471679688,140.09751230473782,0.4831952026538216,9.202487695262192,TP
0d94c8b4-color.png,455.8,152.8,317.9,455.8901062011719,150.17739868164062,306.42534656897107,2.624148776756001,11.474653431028912,TP
0d94c8b4-color.png,490.3,117.0,82.9,489.7558898925781,117.09158325195312,81.01364940726438,0.5517638091040099,1.8863505927356243,TP
0d94c8b4-color.png,395.0,189.1,168.1,395.5523071289063,185.4624481201172,179.86117325495115,3.679242699724995,11.76117325495116,TP
0d94c8b4-color.png,516.3,191.3,157.2,515.3424682617188,192.10568237304688,143.23898209773455,1.2513956672668525,13.96101790226544,TP
0dbbf327-color.png,370.5,228.3,230.9,370.7245178222656,228.96995544433597,224.0565637991853,0.7065752259386718,6.843436200814693,TP
0dbbf327-color.png,429.9,221.6,77.8,429.4276123046875,221.9241180419922,80.03492853820077,0.572889727458511,2.2349285382007764,TP
0dbbf327-color.png,362.7,158.7,57.4,361.70318603515625,159.50802612304688,54.19113143246799,1.2831774218843146,3.208868567532008,TP
0dbbf327-color.png,419.4,112.8,213.8,420.3074951171875,113.2744140625,218.6713053323723,1.0240195752117984,4.8713053323722875,TP
0dbbf327-color.png,480.0,104.5,61.4,480.7804870605469,104.17572784423828,64.641665599773,0.8451700909778184,3.2416655997730075,TP
0ff35cbe-color.png,374.6,123.1,123.7,373.6437683105469,124.58560180664062,122.5863771435796,1.7667460971538402,1.113622856420406,TP
0ff35cbe-color.png,371.7,190.5,295.7,371.6718444824219,189.39376831054688,302.96340730688746,1.1065899348541024,7.263407306887473,TP
0ff35cbe-color.png,429.0,194.3,83.1,428.5894165039063,195.0847320556641,79.07366442687899,0.8856541121969072,4.026335573121003,TP
0ff35cbe-color.png,489.1,161.5,249.1,487.6956481933594,159.10708618164062,262.0295747612348,2.7745703341076244,12.929574761234818,TP
0ff35cbe-color.png,491.6,92.5,289.8,490.4819641113281,93.18318176269533,301.89215847074087,1.3102448508724824,12.092158470740856,TP
0ff35cbe-color.png,433.8,91.9,51.3,433.3655700683594,90.7364730834961,51.174987466630704,1.241983997857617,0.12501253336929352,TP
11cc29f2-color.png,345.5,94.0,3.5,348.3431091308594,93.3144302368164,4.301880313173243,2.9245983365528265,0.8018803131732426,TP
11cc29f2-color.png,342.4,167.3,86.5,342.7000427246094,168.10272216796875,85.48832858367103,0.8569647107900434,1.0116714163289657,TP
11cc29f2-color.png,402.9,167.3,328.6,403.127685546875,165.63525390625,317.1582674236892,1.680244108726973,11.441732576310812,TP
11cc29f2-color.png,405.7,95.0,307.8,406.5209045410156,93.91608428955078,306.33046229528003,1.3596902341411177,1.4695377047199827,TP
11cc29f2-color.png,468.7,95.4,84.8,466.9935607910156,94.93962860107422,80.46646363808505,1.767449178592716,4.333536361914952,TP
11cc29f2-color.png,465.0,169.0,105.9,463.8201293945313,168.3718719482422,99.40930282225686,1.3366523463691393,6.490697177743144,TP
1b70d76b-color.png,374.2,121.8,186.0,374.3948059082031,122.35442352294922,183.92794458845077,0.5876519247567176,2.072055411549229,TP
1b70d76b-color.png,370.1,189.1,359.3,370.645263671875,188.5748748779297,352.8285985589839,0.7570131212178145,6.4714014410160985,TP
1b70d76b-color.png,428.1,194.1,81.2,428.021484375,194.42726135253903,83.57654157417053,0.33654820789127055,2.376541574170531,TP
1b70d76b-color.png,435.1,91.6,85.4,435.3022766113281,89.44281005859375,79.50907265330054,2.1666527803952933,5.8909273466994705,TP
1b70d76b-color.png,492.2,94.8,13.9,491.9054870605469,93.9271469116211,14.818414943368053,0.9212005131337602,0.9184149433680524,TP
1b70d76b-color.png,487.6,162.2,312.2,487.4560852050781,161.02484130859375,308.7620904964817,1.1839380972774864,3.4379095035183127,TP
2659ffa5-color.png,343.5,89.6,41.9,345.2981872558594,86.81961822509766,43.99781048025965,3.3111931718557504,2.0978104802596533,TP
2659ffa5-color.png,345.3,145.0,136.1,346.4336242675781,143.30255126953125,135.1704338319577,2.0411849922562104,0.9295661680422995,TP
2659ffa5-color.png,346.5,200.9,263.3,345.99041748046875,200.37469482421875,266.2842540539612,0.7318605549654884,2.9842540539611946,TP
2659ffa5-color.png,413.2,200.9,115.1,413.2218627929688,199.91534423828125,114.70461366108027,0.9848984469488925,0.39538633891972097,TP
2659ffa5-color.png,412.0,143.2,334.1,413.2029113769531,144.15115356445312,322.1880628803036,1.5335217259547287,11.911937119696404,TP
2659ffa5-color.png,411.4,84.8,272.9,412.594970703125,85.62162780761719,274.0838917643543,1.4501817939751354,1.183891764354314,TP
26ec68e2-color.png,362.7,195.5,238.8,361.9425964355469,193.28370666503903,247.0804887857492,2.3421392584640826,8.280488785749185,TP
26ec68e2-color.png,362.7,138.3,106.8,363.5641784667969,137.3751678466797,104.62199639968716,1.2657483692624392,2.1780036003128345,TP
26ec68e2-color.png,359.7,80.6,3.2,361.1517333984375,81.83892059326172,6.257096451061484,1.9085214425169317,3.0570964510614838,TP
26ec68e2-color.png,428.9,78.2,270.0,428.3302307128906,79.2398910522461,270.4135441451081,1.1857531113493154,0.4135441451081192,TP
26ec68e2-color.png,428.9,136.5,1.6,429.95501708984375,136.4284210205078,4.603946975790937,1.0574424855128368,3.0039469757909365,TP
26ec68e2-color.png,429.5,195.5,116.6,428.40814208984375,192.50506591796875,123.8507141878178,3.187755299843942,7.250714187817806,TP
291c88b4-color.png,350.1,187.7,82.1,351.1192932128906,188.3332977294922,84.33788335300463,1.2000102782996573,2.2378833530046336,TP
291c88b4-color.png,351.3,129.9,306.5,351.42694091796875,128.1436309814453,308.033491644405,1.760950347395838,1.5334916444049895,TP
291c88b4-color.png,353.1,72.2,231.8,351.9031982421875,71.18058013916016,233.2022731817281,1.5721168214155958,1.4022731817280771,TP
291c88b4-color.png,420.5,75.2,338.2,420.54736328125,74.90839385986328,338.02529850635466,0.29542752305126196,0.17470149364532972,TP
291c88b4-color.png,420.3,187.4,19.6,421.3996276855469,187.7019500732422,20.84731865914378,1.1403310455968965,1.2473186591437795,TP
291c88b4-color.png,419.8,131.1,22.1,418.8578186035156,130.73678588867188,14.23260055926116,1.0097674358728073,7.867399440738842,TP
2be783c8-color.png,471.8,102.8,62.9,472.1630859375,102.46858215332033,58.24098954333703,0.4915986036473611,4.659010456662969,TP
2be783c8-color.png,368.6,231.3,231.9,370.0361022949219,230.61627197265625,225.06744900784895,1.5905577062323775,6.832550992151056,TP
2be783c8-color.png,427.4,221.1,81.6,427.2242126464844,219.77088928222656,78.80430239275196,1.3406850837374997,2.79569760724803,TP
2be783c8-color.png,357.1,161.8,59.5,356.0936584472656,161.09521484375,56.274173080244005,1.2285949036318813,3.2258269197559954,TP
2be783c8-color.png,411.4,114.3,215.6,412.4559326171875,113.20995330810548,213.57804510241863,1.5176282425385557,2.0219548975813666,TP
2c073c5b-color.png,349.6,187.8,83.8,350.3205261230469,188.56903076171875,82.50208194489173,1.053834050722708,1.2979180551082692,TP
2c073c5b-color.png,351.9,130.5,275.0,351.0277099609375,130.69273376464844,278.5120955834556,0.8933287280073207,3.5120955834556185,TP
2c073c5b-color.png,350.7,72.8,271.6,350.984375,73.8469467163086,265.90961865463873,1.0848809001057949,5.690381345361288,TP
2c073c5b-color.png,420.5,74.6,300.8,418.9230346679688,73.69835662841797,302.3475608084745,1.81652977623436,1.5475608084744863,TP
2c073c5b-color.png,421.1,131.7,349.8,420.1914978027344,131.16439819335938,349.6457560293173,1.054630521895322,0.1542439706827281,TP
2c073c5b-color.png,419.3,188.9,0.0,419.6365356445313,187.87127685546875,351.8957082851202,1.0823712616909085,8.104291714879821,TP
35f47be5-color.png,471.2,103.2,63.7,472.38037109375,102.23712158203124,58.83721885121579,1.523289455996671,4.862781148784215,TP
35f47be5-color.png,411.7,114.1,217.3,412.7742309570313,113.40908813476562,214.85203637921992,1.277235825744822,2.4479636207800866,TP
35f47be5-color.png,356.7,162.0,60.8,356.2967529296875,161.08343505859375,55.78368413869413,1.0013488360859304,5.01631586130587,TP
35f47be5-color.png,368.4,231.4,230.8,370.3426818847656,230.63059997558597,225.05951155077503,2.089494987542429,5.7404884492249835,TP
35f47be5-color.png,426.5,221.2,79.2,428.9457092285156,221.17819213867188,79.06067616523057,2.445806454579389,0.1393238347694279,TP
3dd1549b-color.png,340.6,159.6,69.7,341.1257629394531,159.56414794921875,72.11895888048471,0.5269839068203007,2.418958880484709,TP
3dd1549b-color.png,402.7,94.9,107.9,403.296142578125,95.084716796875,109.43145069317612,0.624104373082975,1.5314506931761116,TP
3dd1549b-color.png,457.9,164.7,124.4,457.889404296875,165.8668975830078,116.78710447783732,1.1669456877482405,7.612895522162688,TP
42f1d5fe-color.png,350.1,187.7,53.0,352.0845031738281,189.56048583984372,59.26432593430708,2.7202316826316193,6.264325934307081,TP
42f1d5fe-color.png,350.7,129.3,277.6,350.6640625,130.5356903076172,275.4634081449781,1.2362127811365164,2.1365918550219476,TP
42f1d5fe-color.png,350.7,72.2,270.0,350.614013671875,73.43873596191406,267.2346579219829,1.2417167277457322,2.765342078017113,TP
42f1d5fe-color.png,418.6,73.4,318.5,420.3839416503906,77.4185791015625,327.024453501552,4.396751733668069,8.524453501551989,TP
42f1d5fe-color.png,418.0,130.5,300.3,418.3630981445313,132.65158081054688,296.0920514873096,2.1820037229289104,4.207948512690393,TP
42f1d5fe-color.png,419.2,187.1,319.8,419.0523986816406,189.0657196044922,322.1111517452506,1.9712533354864277,2.3111517452505836,TP
4468b4a9-color.png,345.9,92.7,270.5,344.2908020019531,92.91349029541016,281.7016533720122,1.6232979711538826,11.201653372012174,TP
4468b4a9-color.png,342.3,166.8,87.3,342.92852783203125,168.1264190673828,87.2196626265361,1.4677992975725764,0.08033737346389103,TP
4468b4a9-color.png,403.0,169.3,39.0,403.1461791992188,168.77296447753906,39.61058809727357,0.5469321714983832,0.6105880972735704,TP
4468b4a9-color.png,405.7,94.9,309.8,407.25091552734375,94.20340728759766,304.78966424340416,1.7001706914095536,5.01033575659585,TP
4468b4a9-color.png,468.3,96.4,37.8,466.9324035644531,95.54010009765624,34.13810936453396,1.6154714025854415,3.6618906354660368,TP
4468b4a9-color.png,464.9,169.5,104.0,464.6279296875,169.84646606445312,101.60722744939667,0.44052353939542466,2.3927725506033255,TP
46374b36-color.png,395.4,193.3,178.5,395.5311279296875,190.31761169433597,184.48089094783188,2.9852695924666155,5.980890947831881,TP
46374b36-color.png,395.0,120.3,207.0,394.8814392089844,119.89485168457033,211.9225210001114,0.42213957248965706,4.922521000111402,TP
46374b36-color.png,456.7,118.7,185.8,456.8479614257813,118.6453094482422,185.1229847681428,0.15774549112673003,0.6770152318572116,TP
46374b36-color.png,454.2,191.9,346.7,454.0780944824219,192.3291931152344,341.7984955232902,0.446170018468963,4.901504476709761,TP
46374b36-color.png,515.1,192.3,51.0,515.7218627929688,192.8471527099609,52.01965081929229,0.8283051498671371,1.0196508192922877,TP
46374b36-color.png,518.3,118.6,274.1,516.5479125976562,116.44275665283205,280.39994178039404,2.7791202068913616,6.299941780394022,TP
47649de1-color.png,360.9,81.2,323.8,361.7506103515625,81.52989959716797,323.7481198234691,0.9123440767588206,0.05188017653091492,TP
47649de1-color.png,360.9,140.2,85.1,361.9680480957031,137.4155731201172,90.01079215884234,2.9822407320920608,4.910792158842341,TP
47649de1-color.png,362.7,194.9,186.9,361.865234375,193.54290771484372,198.8251187733764,1.5932774771245362,11.925118773376397,TP
47649de1-color.png,430.1,193.7,162.1,430.2380676269531,192.0861358642578,170.58617592767956,1.6197592778704193,8.486175927679568,TP
47649de1-color.png,429.5,136.5,273.7,428.1625061035156,135.075439453125,279.253823520338,1.954037531585756,5.553823520338028,TP
47649de1-color.png,429.5,78.8,162.1,429.2199401855469,79.7361831665039,159.77813042639428,0.9771757369669003,2.32186957360571,TP
49e44369-color.png,362.7,193.7,112.5,362.02337646484375,193.24606323242188,109.7695022714908,0.8147870870887634,2.7304977285092065,TP
49e44369-color.png,430.1,192.5,69.6,430.50537109375,193.62335205078125,70.06554022359246,1.194255229690242,0.4655402235924697,TP
49e44369-color.png,429.5,136.5,58.0,432.8509521484375,137.41049194335938,61.641966108937005,3.472445230675385,3.6419661089370052,TP
49e44369-color.png,361.4,136.2,320.4,359.484619140625,135.07691955566406,322.6817204500015,2.2203588720992395,2.281720450001501,TP
49e44369-color.png,361.3,78.7,285.4,361.04443359375,80.30472564697266,285.20547279216737,1.624948796133388,0.19452720783260702,TP
49e44369-color.png,430.1,77.6,335.4,430.2813415527344,81.57636260986328,341.53872644060834,3.9804954922555655,6.138726440608366,TP
4ba3108b-color.png,405.0,89.8,80.8,405.1771240234375,90.18644714355467,80.74341619517632,0.4251050628259519,0.0565838048236742,TP
4ba3108b-color.png,463.3,91.6,258.5,461.0112915039063,92.64556884765624,268.8020284976153,2.5162274927519386,10.30202849761531,TP
4ba3108b-color.png,459.9,161.6,5.6,456.8353576660156,161.84451293945312,3.484135556484929,3.0743811105341297,2.1158644435150706,TP
4ba3108b-color.png,343.4,155.6,149.3,342.5749206542969,154.2083740234375,154.9772774977069,1.6178315070950298,5.677277497706882,TP
511d7008-color.png,368.8,231.1,229.4,370.3341064453125,230.6140289306641,225.66335856253835,1.6092390952809967,3.736641437461657,TP
511d7008-color.png,426.9,221.0,78.9,427.4462585449219,219.53765869140625,80.1928853104285,1.5610382765069761,1.2928853104284883,TP
511d7008-color.png,357.3,161.6,61.5,356.2411499023437,161.40579223632812,56.22215235296658,1.076512974737055,5.277847647033418,TP
511d7008-color.png,411.7,113.6,216.8,413.4754028320313,113.99665069580078,213.7879504025396,1.8191720618083584,3.0120495974604182,TP
511d7008-color.png,471.7,103.3,65.6,472.2857666015625,102.15675354003906,55.45416158470608,1.2845757975765006,10.145838415293916,TP
5a8da514-color.png,360.5,79.1,247.3,359.9685974121094,81.09541320800781,250.27149892559817,2.0649606730175045,2.971498925598155,TP
5a8da514-color.png,360.3,136.5,0.6,361.4350891113281,137.5840301513672,1.7912018818427204,1.5695695778552838,1.1912018818427206,TP
5a8da514-color.png,362.7,194.9,198.2,363.0651245117188,193.7791290283203,199.0929144654162,1.1788416535786665,0.8929144654161973,TP
5a8da514-color.png,430.1,192.5,122.3,429.6139831542969,192.205322265625,125.6493033173021,0.5683725375522821,3.349303317302102,TP
5a8da514-color.png,429.0,135.6,196.4,429.1060485839844,135.66473388671875,195.56089788748648,0.12424483190381695,0.8391021125135296,TP
5a8da514-color.png,430.7,78.2,70.7,429.9737243652344,81.67813873291016,74.66049939526438,3.5531570951794467,3.960499395264378,TP
5cacee7d-color.png,351.3,187.7,54.1,352.6408386230469,189.69332885742188,58.775456323874856,2.40233389579489,4.6754563238748545,TP
5cacee7d-color.png,351.8,131.4,278.3,350.7538452148437,130.5085906982422,279.2958448013781,1.3744272908254636,0.995844801378098,TP
5cacee7d-color.png,351.7,72.9,268.5,350.98309326171875,73.76890563964844,265.5743194825688,1.126477821355527,2.9256805174312035,TP
5cacee7d-color.png,418.8,73.3,298.2,418.9757385253906,73.12298583984375,297.5556492071617,0.24943544696431755,0.6443507928382814,TP
5cacee7d-color.png,418.7,130.8,301.3,418.6222839355469,132.60911560058594,297.0243608918519,1.8107840961742117,4.275639108148084,TP
5cacee7d-color.png,418.9,188.4,325.4,419.2411193847656,188.6543884277344,322.39882393501045,0.4255301479661258,3.0011760649895223,TP
5e255ec4-color.png,422.6,59.7,333.8,420.5208435058594,60.01313781738281,331.94308914010367,2.1026048177920877,1.8569108598963453,TP
5e255ec4-color.png,423.5,122.6,281.8,422.4611511230469,122.42157745361328,277.3742602802309,1.0540595781102167,4.425739719769126,TP
5e255ec4-color.png,425.0,184.0,281.6,423.77239990234375,185.94989013671875,291.62233189560857,2.3041426919873476,10.022331895608545,TP
5e255ec4-color.png,499.4,181.0,218.2,500.2236633300781,180.2449493408203,225.46511006742145,1.1173731602482244,7.26511006742146,TP
5e255ec4-color.png,499.1,119.6,86.2,497.2790222167969,119.71331024169922,75.51476683942431,1.824499739049964,10.685233160575692,TP
5e255ec4-color.png,497.6,56.4,133.3,497.5159301757813,56.78353500366211,129.91302922033535,0.3926408465484216,3.386970779664665,TP
5f430915-color.png,418.2,82.0,156.7,415.6480407714844,83.55850219726562,148.69179339202466,2.9902215641801173,8.008206607975325,TP
5f430915-color.png,450.8,154.6,182.5,453.0296020507813,151.9239959716797,183.764534310349,3.4831197028575787,1.2645343103490063,TP
5f430915-color.png,481.0,117.0,17.1,481.2483825683594,117.84357452392578,21.80879422953016,0.8793815313511014,4.7087942295301595,TP
5f430915-color.png,421.3,191.3,105.5,422.8394775390625,193.5792388916016,102.7633307434244,2.7504401499154807,2.7366692565755955,TP
60412b25-color.png,404.8,90.8,179.8,405.1889953613281,89.71885681152344,179.37236216737875,1.1489943364194846,0.427637832621258,TP
60412b25-color.png,370.9,159.0,195.6,371.2443542480469,156.96316528320312,186.4105833877752,2.065738490636448,9.18941661222479,TP
60412b25-color.png,430.4,127.2,2.2,429.5784606933594,128.02867126464844,356.08597724761034,1.1668859829518725,6.114022752389644,TP
60412b25-color.png,427.3,196.0,279.1,427.0033874511719,196.1994171142578,283.41512239527367,0.3574159895433289,4.315122395273647,TP
60412b25-color.png,487.8,164.9,308.4,487.0075988769531,162.19036865234375,305.2017661569302,2.8231191225322787,3.1982338430697723,TP
60412b25-color.png,461.8,93.9,16.9,462.6441345214844,95.88346099853516,19.880897443916744,2.155616065785299,2.9808974439167457,TP
63d46396-color.png,344.5,155.0,72.6,344.9674377441406,155.55763244628906,76.8129312862553,0.7276345166370275,4.212931286255312,TP
63d46396-color.png,405.1,89.0,213.9,406.4612426757813,88.0770263671875,209.09182257177807,1.6446464511363206,4.8081774282219385,TP
63d46396-color.png,460.5,159.6,123.1,459.0705871582031,157.65090942382812,121.15934031785008,2.4170591938171078,1.9406596821499136,TP
646a9f06-color.png,370.4,55.0,253.6,371.7289123535156,55.55644226074219,248.73361054242443,1.4407067824045163,4.866389457575565,TP
646a9f06-color.png,369.0,130.3,86.8,370.3621215820313,129.39048767089844,91.03676518732956,1.6378607636252966,4.236765187329567,TP
646a9f06-color.png,430.4,129.3,36.5,428.7263793945313,129.04664611816406,31.92983633506984,1.692688429833046,4.57016366493016,TP
646a9f06-color.png,492.5,129.3,23.3,491.9631652832031,128.98385620117188,21.682472544336644,0.6230075558898673,1.6175274556633568,TP
646a9f06-color.png,495.2,55.6,34.8,494.2062683105469,54.99283599853516,31.989773046050004,1.164538876679578,2.810226953949993,TP
646a9f06-color.png,431.3,55.8,287.6,431.36279296875,55.04671478271485,285.68648971991604,0.7558978604975457,1.9135102800839832,TP
65e6752e-color.png,393.6,130.6,213.7,391.999267578125,130.15965270996094,218.45108206742216,1.660195778300444,4.751082067422175,TP
65e6752e-color.png,394.5,57.3,204.1,393.8567810058594,56.76740264892578,217.36560583498093,0.835099163449796,13.265605834980931,TP
65e6752e-color.png,456.5,56.0,216.9,456.6432495117188,55.42976379394531,229.6660935505909,0.5879538700470647,12.766093550590881,TP
65e6752e-color.png,455.8,130.8,107.6,456.4456481933594,131.41107177734375,107.2857007349186,0.8889714880997286,0.31429926508138806,TP
65e6752e-color.png,517.3,128.4,80.7,517.2720947265625,128.07040405273438,79.68771262029178,0.33077513924046276,1.0122873797082264,TP
65e6752e-color.png,519.1,53.8,303.5,519.9664916992188,54.77395248413086,136.56484582037663,1.3036070367099262,166.93515417962337,TP
6f323235-color.png,361.5,79.4,358.3,360.9790344238281,81.86909484863281,5.321062660692317,2.523456855803395,7.02106266069228,TP
6f323235-color.png,362.7,137.7,107.6,363.3114318847656,137.39244079589844,103.78791616703536,0.6844279463432495,3.812083832964632,TP
6f323235-color.png,363.3,195.5,232.8,362.1412048339844,193.29556274414065,245.87206803546428,2.4904517364931795,13.07206803546427,TP
6f323235-color.png,428.9,193.7,138.4,429.8306274414063,190.81060791015625,149.54475435473034,3.035564870588349,11.144754354730338,TP
6f323235-color.png,429.5,136.5,23.6,427.7928466796875,135.60633850097656,25.5357709102937,1.9269154973404543,1.935770910293698,TP
6f323235-color.png,427.7,78.8,255.2,428.5101623535156,81.79103088378906,247.24864758071564,3.098810866579952,7.951352419284348,TP
71a6769b-color.png,419.4,187.0,114.3,420.11627197265625,187.3443603515625,114.61403767816785,0.7947512758977848,0.3140376781678498,TP
71a6769b-color.png,450.6,151.2,148.6,451.3857116699219,151.6602783203125,141.25629863311022,0.9106036241972094,7.343701366889775,TP
71a6769b-color.png,484.8,115.2,307.7,483.73333740234375,114.63091278076172,312.8749794494536,1.20897864345867,5.174979449453588,TP
71a6769b-color.png,517.7,79.4,57.0,516.2844848632812,80.4856185913086,50.7241150358218,1.7838864392317335,6.2758849641782035,TP
71f023c4-color.png,350.7,190.1,29.4,351.84893798828125,191.5963897705078,36.33347110703023,1.8865950403295968,6.933471107030229,TP
71f023c4-color.png,349.5,132.9,259.7,349.4652709960937,133.56890869140625,265.3953436616913,0.6698096305303011,5.695343661691311,TP
71f023c4-color.png,347.1,76.4,220.8,347.5380859375,76.58428955078125,218.70552643880032,0.47527037269578126,2.094473561199692,TP
71f023c4-color.png,415.0,74.0,317.7,414.7345581054688,75.27780151367188,321.38900144928505,1.3050808816753252,3.6890014492850582,TP
71f023c4-color.png,416.8,131.7,334.2,417.8173828125,131.00189208984375,326.60038186282924,1.2338648391915128,7.599618137170751,TP
71f023c4-color.png,419.8,188.3,325.1,419.8133544921875,188.1855010986328,322.9158905896155,0.11527506614997551,2.184109410384508,TP
738b674b-color.png,379.3,80.0,359.4,378.0783386230469,79.84337615966797,1.9496176247240984,1.2316604837776468,2.549617624724135,TP
738b674b-color.png,409.4,189.1,117.3,411.4426574707031,189.8565216064453,120.1231265199095,2.1782503262109216,2.8231265199095077,TP
738b674b-color.png,471.8,153.0,144.1,469.562744140625,152.40347290039062,142.86377989842074,2.3154175348900234,1.2362201015792493,TP
7e28f0bc-color.png,344.8,146.3,351.3,346.2008056640625,146.2325897216797,350.6018184912526,1.4024267018610181,0.6981815087474388,TP
7e28f0bc-color.png,405.5,118.5,53.9,405.07037353515625,117.51898956298828,47.81717424220991,1.0709623601322604,6.08282575779009,TP
7e28f0bc-color.png,460.9,156.2,139.4,461.0975036621094,156.43702697753906,119.37085532075848,0.30852793168193343,20.029144679241526,TP
7e28f0bc-color.png,379.5,82.2,32.8,377.5087585449219,81.58543395996094,39.06863863946971,2.0839227312909054,6.268638639469714,TP
7eb1d29b-color.png,363.0,193.9,160.1,363.37408447265625,193.77017211914065,165.28782371933363,0.3959728164040239,5.187823719333636,TP
7eb1d29b-color.png,360.3,136.5,320.8,361.6216125488281,137.43751525878906,321.5506123558627,1.6203686585719517,0.7506123558626996,TP
7eb1d29b-color.png,361.5,78.8,225.5,359.73541259765625,79.34931945800781,223.8587541469895,1.84811270420834,1.6412458530105027,TP
7eb1d29b-color.png,429.5,79.4,62.5,430.5875854492188,80.08065795898438,66.08834595123297,1.283018848840983,3.5883459512329665,TP
7eb1d29b-color.png,430.5,136.5,127.8,429.7523498535156,134.99365234375,132.79937745545456,1.6816848703095284,4.999377455454564,TP
7eb1d29b-color.png,429.6,192.4,121.8,429.1648254394531,192.028076171875,124.19102716558888,0.5724545676945414,2.3910271655888806,TP
84a0f573-color.png,519.4,116.1,243.2,519.7241821289062,116.84991455078124,237.16187881641963,0.8169858543301924,6.038121183580358,TP
84a0f573-color.png,457.9,117.3,24.0,456.7962036132813,116.07640075683594,23.93873184424466,1.6478961044934999,0.06126815575533939,TP
84a0f573-color.png,396.6,114.2,35.0,396.7482604980469,113.8560791015625,32.83850909188098,0.3745167014475587,2.1614909081190206,TP
84a0f573-color.png,393.6,188.1,178.9,395.0758056640625,185.5154266357422,188.7031509323388,2.9762429056294795,9.80315093233878,TP
84a0f573-color.png,454.1,188.4,326.5,455.2551879882813,187.4735870361328,312.95161911792184,1.480776913613444,13.548380882078163,TP
84a0f573-color.png,516.0,190.9,156.4,516.180908203125,191.24766540527344,148.22927103772508,0.39191709835353683,8.170728962274922,TP
8c81f790-color.png,417.8,51.7,169.1,419.4422607421875,51.64215087890625,164.00606264559335,1.6432793025354882,5.093937354406648,TP
8c81f790-color.png,415.3,110.3,6.1,414.822998046875,112.8912124633789,10.517741501149644,2.634751011700208,4.417741501149644,TP
8c81f790-color.png,482.1,116.0,56.2,481.3103332519531,115.97240447998048,55.73914944595186,0.7901487744065102,0.4608505540481431,TP
8c81f790-color.png,487.2,56.4,164.3,484.67425537109375,58.822174072265625,160.78046094373502,3.4994732699085676,3.519539056264989,TP
8c81f790-color.png,410.5,167.8,78.5,409.3930969238281,168.43650817871094,73.40169643136615,1.2768622014942177,5.0983035686338525,TP
8c81f790-color.png,479.5,172.9,353.5,478.51751708984375,170.59971618652344,351.07822555219167,2.501315312249017,2.421774447808332,TP
8f501e6b-color.png,374.2,123.2,122.8,373.7733154296875,124.2605438232422,122.38353699424648,1.1431591855730039,0.41646300575351347,TP
8f501e6b-color.png,371.9,189.9,293.6,371.9598083496094,189.57525634765625,302.67165516629115,0.33020520653157787,9.071655166291123,TP
8f501e6b-color.png,428.9,194.0,82.3,427.1940307617188,193.5134429931641,78.18045433755482,1.7739979602194462,4.1195456624451765,TP
8f501e6b-color.png,433.3,91.6,314.5,433.2408752441406,90.44046783447266,313.8275952155434,1.1610385780188142,0.672404784456603,TP
8f501e6b-color.png,492.1,92.7,290.9,490.5538330078125,93.26310729980467,297.22714808190966,1.645515785042343,6.327148081909684,TP
8f501e6b-color.png,488.9,161.0,250.2,487.8531188964844,160.79942321777344,253.0644015184028,1.065922647506097,2.864401518402815,TP
95807991-color.png,346.0,158.6,72.5,345.0431823730469,158.886962890625,74.49332532360728,0.9989232562334648,1.99332532360728,TP
95807991-color.png,403.7,162.3,130.5,402.9435119628906,163.29443359375,124.8965646433226,1.2494688162047485,5.6034353566773945,TP
95807991-color.png,459.9,161.3,70.1,458.5516662597656,160.9049530029297,62.4336304190835,1.4050145924326332,7.666369580916495,TP
95807991-color.png,405.9,93.0,341.9,404.0168762207031,93.47150421142578,342.098705919038,1.9412551067661117,0.1987059190380478,TP
9909ef8a-color.png,344.9,159.1,70.5,344.9764404296875,158.81312561035156,74.02276416831349,0.2968839078275773,3.5227641683134863,TP
9909ef8a-color.png,405.1,93.7,27.5,404.8268737792969,94.17454528808594,25.864931349549217,0.5475318829804775,1.6350686504507834,TP
9909ef8a-color.png,459.9,161.1,69.9,458.9018859863281,161.4430694580078,61.65106463777551,1.055427987740477,8.248935362224493,TP
9a580d48-color.png,453.9,154.6,318.7,455.7466735839844,151.57870483398438,307.7025009067076,3.540964248050964,10.99749909329239,TP
9a580d48-color.png,488.9,119.1,78.6,489.32373046875,118.64852905273438,83.47718780141618,0.6191716453230313,4.877187801416184,TP
9a580d48-color.png,429.1,77.2,149.6,429.7349243164063,76.37725830078125,139.43456716512702,1.0392462610937545,10.165432834872973,TP
a12a596c-color.png,360.8,193.8,84.2,362.09521484375,193.6067657470703,81.100767766887,1.3095499104561101,3.099232233113,TP
a12a596c-color.png,361.5,137.1,309.4,362.1196594238281,138.34776306152344,308.96488844774325,1.393158447284931,0.4351115522567284,TP
a12a596c-color.png,360.3,79.4,244.2,360.3506164550781,80.16278839111328,247.76667284955164,0.7644659280450988,3.566672849551651,TP
a12a596c-color.png,426.5,77.6,304.6,425.7445983886719,78.72090911865234,316.16897655501896,1.3516911062351171,11.568976555018935,TP
a12a596c-color.png,429.5,135.3,25.7,427.03521728515625,135.74356079101562,26.55609786392995,2.5043761711689645,0.8560978639299499,TP
a12a596c-color.png,431.3,192.5,23.8,431.1773681640625,192.46435546875,27.61696515006282,0.12770708591709753,3.8169651500628206,TP
a2e293ac-color.png,419.2,113.1,213.8,420.5686645507813,113.25164031982422,216.26171614210847,1.3770393745865877,2.4617161421084575,TP
a2e293ac-color.png,479.4,103.5,58.1,481.1513366699219,103.59693908691406,58.49464859596303,1.7540174793840722,0.3946485959630266,TP
a2e293ac-color.png,362.1,159.4,58.3,361.6627807617188,159.5625762939453,55.199399245635696,0.46646726967301516,3.100600754364301,TP
a2e293ac-color.png,371.1,228.6,227.5,372.2386474609375,227.8136444091797,229.2115873720801,1.3837894187750235,1.7115873720800892,TP
a2e293ac-color.png,429.5,220.8,76.7,429.6021118164063,221.8273468017578,83.47815413604972,1.0324089665107419,6.7781541360497215,TP
a67a8b64-color.png,379.7,77.2,133.2,379.7116394042969,77.11821746826172,125.62666442117776,0.08260664761331149,7.573335578822224,TP
a67a8b64-color.png,439.8,75.4,95.7,440.48046875,75.0861587524414,97.81864831377356,0.7493557555631939,2.118648313773562,TP
a67a8b64-color.png,502.8,69.3,314.7,502.6499328613281,68.76713562011719,315.6524728055296,0.5535924434609439,0.9524728055296237,TP
a67a8b64-color.png,470.4,149.7,104.5,471.9043273925781,151.57797241210938,106.55975889619914,2.4061964351866445,2.059758896199142,TP
a67a8b64-color.png,439.7,186.6,282.2,439.06243896484375,186.26988220214844,280.1982466562389,0.7179567076139451,2.001753343761095,TP
a67a8b64-color.png,378.7,187.0,292.4,378.9414978027344,187.78616333007807,294.090225082152,0.822419582868121,1.6902250821520397,TP
a6f2e215-color.png,359.7,137.3,321.8,361.1955871582031,137.85711669921875,324.9869665088815,1.595982444869152,3.1869665088814827,TP
a6f2e215-color.png,360.9,195.5,129.0,362.35260009765625,192.80923461914065,141.487723548261,3.057820364008023,12.487723548260988,TP
a6f2e215-color.png,429.5,193.1,94.8,428.3234252929688,193.3841552734375,98.23698181873044,1.210401693921436,3.4369818187304446,TP
a6f2e215-color.png,429.5,135.9,90.0,428.7374267578125,135.71649169921875,82.23881932546671,0.7843425566396225,7.761180674533293,TP
a6f2e215-color.png,428.2,79.9,17.5,427.8215026855469,79.69290161132812,16.89229678950956,0.4314509933221948,0.6077032104904383,TP
a6f2e215-color.png,360.3,78.2,246.2,359.9021301269531,80.24552154541016,254.77847819514136,2.0838567197903717,8.578478195141372,TP
a9e60257-color.png,345.6,147.2,352.1,346.3273620605469,146.91806030273438,347.97416088916253,0.7800933021230144,4.125839110837489,TP
a9e60257-color.png,404.4,118.7,14.6,402.5030212402344,119.04925537109376,7.894912747663096,1.9288617703816113,6.705087252336904,TP
a9e60257-color.png,461.8,155.7,141.3,461.8607177734375,155.62835693359375,122.15854709840748,0.0939115380307176,19.14145290159253,TP
a9e60257-color.png,379.4,82.6,73.1,380.3260803222656,80.64775085449219,69.4447194612579,2.160764098513211,3.6552805387420904,TP
ab3cd640-color.png,404.8,91.6,182.4,405.42083740234375,90.30547332763672,176.19370071672634,1.4357013566925598,6.206299283273665,TP
ab3cd640-color.png,372.8,159.1,281.0,372.1469421386719,159.66436767578125,281.08125245601354,0.8631311856891836,0.08125245601354436,TP
ab3cd640-color.png,488.6,164.1,142.3,484.8286437988281,164.55642700195312,140.80243517060327,3.79887525515509,1.4975648293967367,TP
ab3cd640-color.png,490.8,94.8,270.6,489.08050537109375,95.09142303466795,276.4857790962964,1.7440152418980068,5.885779096296403,TP
b9fceb28-color.png,363.0,158.4,58.4,361.8884582519531,159.37831115722656,55.91931121920847,1.4807490597684225,2.4806887807915317,TP
b9fceb28-color.png,370.8,228.7,227.7,372.2649536132813,227.88568115234372,226.91710764334,1.6760680996648538,0.7828923566599997,TP
b9fceb28-color.png,430.4,220.9,79.1,429.5218505859375,222.0641326904297,76.36102018533721,1.4582013970454566,2.738979814662784,TP
b9fceb28-color.png,419.0,112.0,216.3,419.8014526367188,113.58358764648438,218.06075521290973,1.774845391295098,1.7607552129097144,TP
b9fceb28-color.png,479.0,105.4,61.6,481.0402221679688,103.46987915039062,55.63594358989494,2.808535737491723,5.964056410105059,TP
bbd88e30-color.png,362.7,194.3,87.4,362.61517333984375,194.04315185546875,82.27248158686857,0.2704931267563258,5.12751841313144,TP
bbd88e30-color.png,359.9,137.5,324.8,359.8978576660156,137.04183959960938,321.8301437228263,0.45816540908387915,2.969856277173733,TP
bbd88e30-color.png,359.1,80.0,259.5,360.9508666992188,80.32276916503906,265.41440677136603,1.8787994763084885,5.914406771366032,TP
bbd88e30-color.png,427.1,77.6,292.8,427.0151062011719,78.10248565673828,296.73292006337346,0.5096065073242114,3.9329200633734445,TP
bbd88e30-color.png,429.5,135.3,57.9,432.0055236816406,136.20571899414062,61.2052224883139,2.6642026603862323,3.305222488313902,TP
bbd88e30-color.png,430.3,192.2,70.3,430.96044921875,192.9730682373047,70.74475753810927,1.0167731654980203,0.4447575381092719,TP
c63095ae-color.png,417.8,53.0,47.3,417.5737609863281,51.71022033691406,43.76888333277287,1.3094715234083185,3.531116667227124,TP
c63095ae-color.png,414.7,112.4,9.0,414.33099365234375,112.21574401855467,9.31107981990677,0.412451150209306,0.3110798199067695,TP
c63095ae-color.png,410.2,170.1,145.3,408.33441162109375,170.7252960205078,144.93848088322193,1.967591195541625,0.36151911677808357,TP
c63095ae-color.png,479.5,174.1,190.4,480.0813903808594,172.59036254882812,187.6126081775708,1.6177206214104174,2.787391822429214,TP
c63095ae-color.png,482.3,114.8,13.2,482.2192993164063,115.40341186523438,8.911350473434318,0.6087844277230834,4.288649526565681,TP
c63095ae-color.png,485.4,58.1,79.2,486.86962890625,57.98345947265625,81.35327603165186,1.474242455161022,2.153276031651856,TP
ca8fd5c6-color.png,365.5,67.5,55.7,364.0027160644531,68.60835266113281,48.18039164965581,1.8628754131951297,7.519608350344193,TP
ca8fd5c6-color.png,433.6,71.0,333.7,432.8193664550781,69.76310729980469,328.25885753953133,1.462631971226453,5.4411424604686545,TP
ca8fd5c6-color.png,397.3,129.5,10.4,395.509521484375,129.34877014160156,7.99486894013276,1.7968538574369246,2.40513105986724,TP
ca8fd5c6-color.png,466.1,131.4,12.7,466.3032531738281,131.70355224609375,16.23800866988442,0.3653160532740847,3.5380086698844195,TP
ca8fd5c6-color.png,395.2,187.1,146.5,394.2505187988281,188.50656127929688,138.7159279861705,1.697035410295272,7.784072013829501,TP
ca8fd5c6-color.png,464.0,191.1,189.1,464.72161865234375,190.53587341308597,186.50715245777383,0.9159543031580127,2.592847542226167,TP
cc926018-color.png,340.7,188.6,165.6,341.37158203125,186.93690490722656,161.9588098999462,1.793574005249006,3.641190100053791,TP
cc926018-color.png,455.7,196.1,342.4,455.3612365722656,194.94573974609372,335.4518668578143,1.2029452995536034,6.948133142185668,TP
cc926018-color.png,462.5,92.9,261.1,460.5086669921875,94.18329620361328,264.6464807517437,2.3690201126651127,3.5464807517436725,TP
cc926018-color.png,348.6,88.2,126.7,348.9508972167969,88.92227935791016,126.03904108784216,0.8030045626388935,0.6609589121578381,TP
cf205ea6-color.png,417.2,51.7,169.0,417.51312255859375,51.18572616577149,168.68514056664253,0.602099089247275,0.31485943335746924,TP
cf205ea6-color.png,413.4,112.6,278.6,412.4749450683594,111.74967193603516,283.3749667690663,1.2564968933183993,4.774966769066282,TP
cf205ea6-color.png,410.3,168.4,78.7,409.8259887695313,168.44622802734375,74.38184955924966,0.4762600939849457,4.318150440750344,TP
cf205ea6-color.png,480.1,173.3,249.7,479.5968322753906,173.67161560058594,254.1874216296735,0.6255205142019223,4.48742162967352,TP
cf205ea6-color.png,488.1,115.1,10.0,488.9679565429688,114.52812957763672,6.214761963327327,1.039415383980954,3.7852380366726726,TP
cf205ea6-color.png,488.1,56.6,164.7,484.9221496582031,58.20172500610352,158.44726367466993,3.5586873689656957,6.252736325330062,TP
d38ea15e-color.png,362.1,194.3,86.7,362.4177856445313,193.71731567382807,82.02582108579074,0.6637083243689318,4.674178914209264,TP
d38ea15e-color.png,361.5,137.7,310.7,362.2095642089844,138.38279724121094,309.9580981083335,0.9847301352537682,0.7419018916664868,TP
d38ea15e-color.png,360.3,78.2,246.2,359.3832702636719,79.95687866210938,255.31687611702608,1.9816700136106091,9.116876117026095,TP
d38ea15e-color.png,428.3,77.6,261.8,427.8951416015625,76.80207061767578,269.8283461444845,0.8947634446945667,8.028346144484487,TP
d38ea15e-color.png,429.5,135.9,58.1,431.89599609375,136.01820373535156,61.36407452821787,2.3989100450655334,3.2640745282178685,TP
d38ea15e-color.png,431.9,192.5,26.7,431.61761474609375,192.3270568847656,24.893249652320534,0.33113555038785036,1.8067503476794649,TP
d8d102e4-color.png,396.8,189.5,253.0,395.4226684570313,188.7472076416016,270.4789377148944,1.5696300564526633,17.478937714894414,TP
d8d102e4-color.png,455.5,190.9,24.9,457.4835205078125,191.18408203125,28.611615351276345,2.003760515977865,3.711615351276347,TP
d8d102e4-color.png,459.6,116.6,140.9,459.0182800292969,117.90103149414062,134.31139235313398,1.4251600166509981,6.5886076468660235,TP
d8d102e4-color.png,397.0,117.2,138.2,397.1372680664063,117.59011840820312,132.54378941713452,0.4135636522639098,5.656210582865469,TP
d8d102e4-color.png,519.9,117.4,309.9,520.1822509765625,117.53239440917967,316.7472505482636,0.31175935166812724,6.847250548263617,TP
d8d102e4-color.png,517.5,191.7,103.0,518.2164306640625,192.8855133056641,100.93861654444822,1.3851767736703002,2.061383455551777,TP
d96bca7a-color.png,361.1,127.3,291.8,360.3590087890625,127.33311462402344,299.2436584633159,0.7417307820300234,7.443658463315899,TP
d96bca7a-color.png,366.3,66.4,53.8,363.6824951171875,66.89229583740234,46.51643371319979,2.663397642687064,7.283566286800209,TP
d96bca7a-color.png,434.2,70.1,331.3,433.4161376953125,69.6227798461914,326.8308330586289,0.9177032134143771,4.4691669413711,TP
d96bca7a-color.png,465.8,131.3,12.1,466.411865234375,131.45413208007812,16.67772376834069,0.6309800021759531,4.577723768340691,TP
d96bca7a-color.png,463.5,191.0,189.3,464.5979919433594,190.55845642089844,185.47840322576596,1.183447100603958,3.8215967742340524,TP
dd60aa44-color.png,362.7,193.7,260.8,361.7288208007813,193.34881591796875,271.5920017794522,1.0327242112331654,10.792001779452164,TP
dd60aa44-color.png,429.5,192.5,115.8,428.4447021484375,193.2095184326172,115.52258284065398,1.2716406574720622,0.2774171593460153,TP
dd60aa44-color.png,429.5,135.9,328.5,430.6474304199219,137.0926055908203,332.3871665370078,1.6549636442586717,3.887166537007772,TP
dd60aa44-color.png,362.1,136.5,139.8,362.7795715332031,134.73936462402344,149.93813207052213,1.8872345895198472,10.138132070522119,TP
dd60aa44-color.png,359.7,80.6,41.5,360.519287109375,79.43010711669922,43.64422321038473,1.4282439308415995,2.1442232103847303,TP
dd60aa44-color.png,427.7,77.6,284.4,428.08685302734375,79.13784790039062,280.85578610093626,1.5857589443231603,3.5442138990637204,TP
e2ad11c8-color.png,361.5,191.9,103.9,361.87835693359375,193.8696746826172,97.22907368713622,2.005685001325373,6.670926312863784,TP
e2ad11c8-color.png,360.3,135.9,322.6,359.6830749511719,135.0192108154297,320.3360340580855,1.0753539433728991,2.2639659419145346,TP
e2ad11c8-color.png,361.5,78.2,284.1,360.8509216308594,80.11076354980469,287.0077247899796,2.017999026894823,2.907724789979568,TP
e2ad11c8-color.png,429.5,78.2,339.7,430.0572509765625,81.4594497680664,345.03303150614784,3.3067418165662694,5.333031506147847,TP
e2ad11c8-color.png,430.1,136.5,85.2,429.7171020507813,135.746337890625,80.28646119957243,0.8453504685179235,4.913538800427574,TP
e2ad11c8-color.png,429.9,192.4,69.0,430.3022155761719,193.7601318359375,69.2161905464387,1.4183567889801179,0.21619054643869617,TP
e4c28046-color.png,345.6,147.6,351.8,347.2973937988281,146.62091064453125,349.1995318230896,1.9595309832437704,2.600468176910397,TP
e4c28046-color.png,379.0,82.3,72.5,379.8717651367188,80.22564697265625,77.62175440007786,2.2500922060325723,5.121754400077862,TP
e4c28046-color.png,464.8,80.8,0.6,465.8386535644531,81.64429473876953,5.314389885660321,1.3385196423157466,4.714389885660322,TP
e4c28046-color.png,461.7,154.8,140.0,459.2483520507813,151.904052734375,138.32192387914313,3.7943495137097147,1.678076120856872,TP
e613dbf0-color.png,390.8,46.4,2.3,390.85357666015625,47.57069778442383,0.1725217916641522,1.171923103692542,2.1274782083358477,TP
e613dbf0-color.png,390.6,109.1,305.9,390.4697265625,107.34820556640624,304.3249349972803,1.756631693351839,1.5750650027196684,TP
e613dbf0-color.png,390.2,170.6,288.3,389.5553588867188,171.69061279296875,292.77298493398035,1.266885325954765,4.472984933980342,TP
e613dbf0-color.png,462.2,171.0,302.1,461.3060302734375,170.19345092773438,303.4143185245216,1.2040362444639077,1.3143185245215818,TP
e613dbf0-color.png,463.2,107.5,201.9,461.9118041992188,108.27003479003906,203.97239086937967,1.5008004527653813,2.07239086937966,TP
e613dbf0-color.png,463.8,45.8,167.4,461.064208984375,47.01650619506836,166.57220812711267,2.994067434747293,0.8277918728873317,TP
e8063e46-color.png,360.9,78.8,226.3,359.6968688964844,79.19135284423828,223.60795523632603,1.2651804222876932,2.6920447636739766,TP
e8063e46-color.png,360.5,137.5,350.4,361.5233459472656,137.57720947265625,351.95426206159823,1.0262544667151687,1.5542620615982514,TP
e8063e46-color.png,363.3,194.3,185.0,362.0075073242188,193.3861846923828,193.05777007435077,1.582907367278191,8.05777007435077,TP
e8063e46-color.png,430.1,193.1,96.5,431.0584106445313,193.50645446777344,100.66082864709,1.041036117492503,4.16082864709,TP
e8063e46-color.png,430.1,135.9,163.2,429.7266540527344,134.6079559326172,165.44825971497883,1.3449033676806748,2.2482597149788432,TP
e8063e46-color.png,429.2,78.3,59.9,430.5318298339844,79.80562591552734,66.35685473151914,2.010144299347298,6.456854731519137,TP
ec2eb8df-color.png,372.4,158.5,331.8,372.2533874511719,156.66957092285156,320.48428142481947,1.836291329267868,11.31571857518054,TP
ec2eb8df-color.png,405.1,93.0,53.9,404.8665771484375,92.74700927734376,50.42993953188972,0.34422453919165025,3.470060468110276,TP
ec2eb8df-color.png,491.4,96.5,353.3,491.1458740234375,95.89453125,355.4974119402701,0.6566372051524306,2.197411940270115,TP
ec2eb8df-color.png,487.5,164.3,48.5,487.3179321289063,163.39215087890625,40.34543238595551,0.9259258805948264,8.154567614044488,TP
ed54ad54-color.png,353.1,189.5,32.7,352.0438842773437,191.44430541992188,37.1951853548998,2.2126237785894554,4.495185354899796,TP
ed54ad54-color.png,418.7,188.3,293.4,419.2938232421875,187.75018310546875,288.71806204189386,0.8092741565588808,4.6819379581061185,TP
ed54ad54-color.png,417.3,131.9,334.1,418.0006713867188,131.43524169921875,330.03934491099795,0.8407976393351256,4.0606550890020685,TP
ed54ad54-color.png,415.0,75.2,2.3,416.6181335449219,73.86016845703125,357.6705956807177,2.1008342944495797,4.629404319282287,TP
ed54ad54-color.png,348.6,134.0,298.7,347.6686706542969,132.47299194335938,298.76627703972616,1.7886106214638309,0.06627703972617383,TP
ed54ad54-color.png,346.7,76.4,224.0,347.44158935546875,76.72872161865234,217.4756268170636,0.8111798041827633,6.524373182936387,TP
f05074cb-color.png,362.7,193.1,229.4,361.8795471191406,191.5044403076172,233.5271822225444,1.794144270026005,4.1271822225444055,TP
f05074cb-color.png,429.5,193.1,199.0,429.6188049316406,192.2973480224609,199.41433040486115,0.8113968257452933,0.4143304048611469,TP
f05074cb-color.png,429.5,135.9,303.7,427.3462524414063,135.62606811523438,305.86860803569766,2.171098160756336,2.168608035697673,TP
f05074cb-color.png,360.9,138.3,108.7,361.5766296386719,137.9488983154297,115.0610130382593,0.7622991937798321,6.361013038259301,TP
f05074cb-color.png,359.7,80.0,295.1,359.5367736816406,79.94158172607422,299.9035410715545,0.1733652956436782,4.803541071554491,TP
f05074cb-color.png,429.5,77.6,183.4,428.0404357910156,78.65432739257812,177.22685468548963,1.8005371228854972,6.1731453145103785,TP
f789f7cb-color.png,360.3,79.5,276.0,361.0723876953125,80.51932525634766,278.8328085786556,1.278908413491112,2.8328085786556017,TP
f789f7cb-color.png,360.9,137.1,33.2,361.5867614746094,137.31446838378906,30.33401717246797,0.7194706461369842,2.865982827532033,TP
f789f7cb-color.png,362.4,194.1,233.6,361.6938171386719,193.68389892578125,237.147246735093,0.8196550113307053,3.5472467350930117,TP
f789f7cb-color.png,429.7,193.9,151.6,430.167236328125,191.7994842529297,158.6650199366547,2.1518541284227704,7.065019936654693,TP
f789f7cb-color.png,430.7,135.9,229.4,431.0617065429688,134.80410766601562,235.67607505557896,1.1540414337935128,6.276075055578957,TP
f789f7cb-color.png,430.3,78.7,89.4,429.8883972167969,79.17852783203125,84.69669959339424,0.6311938982349985,4.703300406605763,TP
f8618ac0-color.png,378.8,78.5,54.1,378.8654174804688,77.63119506835938,53.761089402881055,0.8712642859626213,0.33891059711894655,TP
f8618ac0-color.png,377.4,187.3,27.6,376.6792297363281,188.36460876464844,30.824486210286025,1.2856522059872333,3.224486210286024,TP
f8618ac0-color.png,469.7,151.1,100.2,471.3463745117188,151.90943908691406,103.88460724936247,1.8345955053530623,3.6846072493624717,TP
f8618ac0-color.png,440.1,76.9,144.1,440.3319091796875,76.10145568847656,140.42235511955246,0.8315376630614927,3.677644880447531,TP
fc1715f8-color.png,344.6,56.1,246.8,345.674072265625,56.94035720825195,242.2820130945346,1.3637563819266936,4.5179869054654205,TP
fc1715f8-color.png,342.7,167.3,87.5,343.0053405761719,167.956298828125,90.09549251373868,0.7238515174089317,2.5954925137386766,TP
fc1715f8-color.png,403.6,168.4,37.9,403.4140930175781,168.2120819091797,38.97743981224936,0.264338069469324,1.0774398122493594,TP
fc1715f8-color.png,466.1,168.4,106.4,463.7113952636719,167.66903686523438,92.4625674240776,2.49794709527557,13.9374325759224,TP
fc1715f8-color.png,468.6,56.5,39.2,467.2066955566406,57.03369140625,40.02088338822629,1.4920200363903107,0.8208833882262851,TP
fc1715f8-color.png,405.5,57.4,355.2,405.5860900878906,56.84864044189453,359.89327255209565,0.5580402006551783,4.693272552095664,TP
